"status","title","category","ids","object_key","public_url","sources"
"active","جنگل آرام","calm/journey","cj-01","Bucket/Html-files/app/calm/journey/01-calm-forest.html","https://c539776.parspack.net/Bucket/Html-files/app/calm/journey/01-calm-forest.html","app-content.tsv"
"active","ساحل و امواج","calm/journey","cj-02","Bucket/Html-files/app/calm/journey/02-beach-waves.html","https://c539776.parspack.net/Bucket/Html-files/app/calm/journey/02-beach-waves.html","app-content.tsv"
"active","کلبه کوهستانی","calm/journey","cj-03","Bucket/Html-files/app/calm/journey/03-mountain-cabin.html","https://c539776.parspack.net/Bucket/Html-files/app/calm/journey/03-mountain-cabin.html","app-content.tsv"
"active","باغ مخفی","calm/journey","cj-04","Bucket/Html-files/app/calm/journey/04-secret-garden.html","https://c539776.parspack.net/Bucket/Html-files/app/calm/journey/04-secret-garden.html","app-content.tsv"
"active","قایق روی رودخانه","calm/journey","cj-05","Bucket/Html-files/app/calm/journey/05-river-boat.html","https://c539776.parspack.net/Bucket/Html-files/app/calm/journey/05-river-boat.html","app-content.tsv"
"active","پیاده‌روی زیر باران","calm/journey","cj-06","Bucket/Html-files/app/calm/journey/06-rain-walk.html","https://c539776.parspack.net/Bucket/Html-files/app/calm/journey/06-rain-walk.html","app-content.tsv"
"active","جنگل حسی","calm/journey","cj-07","Bucket/Html-files/app/calm/journey/07-sensory-forest.html","https://c539776.parspack.net/Bucket/Html-files/app/calm/journey/07-sensory-forest.html","app-content.tsv"
"active","پناهگاه امن ذهنی","calm/journey","cj-08","Bucket/Html-files/app/calm/journey/08-safe-mental-refuge.html","https://c539776.parspack.net/Bucket/Html-files/app/calm/journey/08-safe-mental-refuge.html","app-content.tsv"
"active","فضای سبز شهری","calm/journey","cj-09","Bucket/Html-files/app/calm/journey/09-urban-green-space.html","https://c539776.parspack.net/Bucket/Html-files/app/calm/journey/09-urban-green-space.html","app-content.tsv"
"active","باغ پنج‌حس","calm/journey","cj-10","Bucket/Html-files/app/calm/journey/10-five-senses-garden.html","https://c539776.parspack.net/Bucket/Html-files/app/calm/journey/10-five-senses-garden.html","app-content.tsv"
"active","فضای آبی آرام","calm/journey","cj-11","Bucket/Html-files/app/calm/journey/11-calm-blue-space.html","https://c539776.parspack.net/Bucket/Html-files/app/calm/journey/11-calm-blue-space.html","app-content.tsv"
"active","طبیعت مجازی","calm/journey","cj-12","Bucket/Html-files/app/calm/journey/12-virtual-nature.html","https://c539776.parspack.net/Bucket/Html-files/app/calm/journey/12-virtual-nature.html","app-content.tsv"